<?xml version="1.0" encoding="UTF-8"?>
<metadata xml:lang="it"><Esri><CreaDate>20250313</CreaDate><CreaTime>12150200</CreaTime><ArcGISFormat>1.0</ArcGISFormat><SyncOnce>TRUE</SyncOnce><DataProperties><lineage><Process ToolSource="c:\program files\arcgis\pro\Resources\ArcToolbox\toolboxes\Data Management Tools.tbx\CreateFeatureclass" Date="20250313" Time="121502">CreateFeatureclass \\nascovepi\gis2\Report\PSA\ZP\storico_zone zone_psa_not_dissolved_13-03-2025.shp Polygon # No No "GEOGCS["Longitude / Latitude (WGS 84)",DATUM["WGS 84",SPHEROID["WGS 84",6378137.0,298.257223563]],PRIMEM["Greenwich",0.0],UNIT["Decimal Degree",0.0174532925199433]];-400 -400 1000000000;-100000 10000;-100000 10000;8.98315284119521E-09;0.001;0.001;IsHighPrecision" # 0 0 0 # "Same as template"</Process></lineage></DataProperties></Esri></metadata>
